[{"id":"user-image-cmrlogo.jpeg","publicUrl":"np://user.desktop.nicepage.com/Site_84414198/images/cmrlogo.jpeg","size":82803,"hash":"4BiCtOS28IcXCc7tgDi0v76La3o=","fileName":"cmrlogo.jpeg","name":"cmrlogo","width":614,"height":550,"thumbnail":{"url":"np://user.desktop.nicepage.com/Site_84414198/images/thumbnails/cmrlogo.jpeg","width":250,"height":224},"usages":["169528221","890911621","124909162","154688060","80897224"]},{"id":"user-image-miccailogo.png","publicUrl":"np://user.desktop.nicepage.com/Site_84414198/images/miccailogo.png","size":55907,"hash":"f9KZQ8DK/DsS+NfVUIPFIMRgW18=","fileName":"miccailogo.png","name":"miccailogo","width":768,"height":333,"thumbnail":{"url":"np://user.desktop.nicepage.com/Site_84414198/images/thumbnails/miccailogo.png","width":250,"height":108},"usages":["169528221"]},{"id":"user-image-FDU.jpeg","publicUrl":"np://user.desktop.nicepage.com/Site_84414198/images/FDU.jpeg","size":30275,"hash":"7R59feI3kxuZkLVuuoy3tlVi7mM=","fileName":"FDU.jpeg","name":"FDU","width":274,"height":262,"thumbnail":{"url":"np://user.desktop.nicepage.com/Site_84414198/images/thumbnails/FDU.jpeg","width":250,"height":239},"usages":["80897224"]},{"id":"user-image-hongkongpolytecnic.png","publicUrl":"np://user.desktop.nicepage.com/Site_84414198/images/hongkongpolytecnic.png","size":64032,"hash":"vN1/dtShPi6HFh/VNTZopKaqSiQ=","fileName":"hongkongpolytecnic.png","name":"hongkongpolytecnic","width":1002,"height":192,"thumbnail":{"url":"np://user.desktop.nicepage.com/Site_84414198/images/thumbnails/hongkongpolytecnic.png","width":250,"height":48},"usages":["80897224"]},{"id":"user-image-IC.png","publicUrl":"np://user.desktop.nicepage.com/Site_84414198/images/IC.png","size":37631,"hash":"sIRGe3kCA/0ydhnkv94vauwZsb0=","fileName":"IC.png","name":"IC","width":494,"height":186,"thumbnail":{"url":"np://user.desktop.nicepage.com/Site_84414198/images/thumbnails/IC.png","width":250,"height":94},"usages":["80897224"]},{"id":"user-image-simens.png","publicUrl":"np://user.desktop.nicepage.com/Site_84414198/images/simens.png","size":5161,"hash":"+RWI3ws/3ltTlkt49rnFzv+Eqbw=","fileName":"simens.png","name":"simens","width":450,"height":112,"thumbnail":{"url":"np://user.desktop.nicepage.com/Site_84414198/images/thumbnails/simens.png","width":250,"height":62},"usages":["80897224"]},{"id":"user-image-utd.png","publicUrl":"np://user.desktop.nicepage.com/Site_84414198/images/utd.png","size":9819,"hash":"SA3VmMUG9DcuMILkDwfai/siIaY=","fileName":"utd.png","name":"utd","width":225,"height":225,"thumbnail":{"url":"np://user.desktop.nicepage.com/Site_84414198/images/thumbnails/utd.png","width":225,"height":225,"length":9819,"type":"png"},"usages":["80897224"]},{"id":"user-image-ruijin.webp","publicUrl":"np://user.desktop.nicepage.com/Site_84414198/images/ruijin.webp","size":31980,"hash":"mtdRNnNEUmbK1syk8VFp30GyJwU=","fileName":"ruijin.webp","name":"ruijin","width":640,"height":640,"thumbnail":{"url":"np://user.desktop.nicepage.com/Site_84414198/images/ruijin.webp","width":250,"height":250},"usages":["80897224"]},{"id":"user-image-pp.png","publicUrl":"np://user.desktop.nicepage.com/Site_84414198/images/pp.png","size":93661,"hash":"0Gm1ZxHWyMNaUxQEVD5osETWa9Y=","fileName":"pp.png","name":"pp","width":640,"height":779,"thumbnail":{"url":"np://user.desktop.nicepage.com/Site_84414198/images/thumbnails/pp.png","width":205,"height":250},"usages":["80897224"]},{"id":"user-image-2023-04-072.31.42.png","publicUrl":"np://user.desktop.nicepage.com/Site_84414198/images/2023-04-072.31.42.png","size":1666727,"hash":"JdJ5PzXsyyKFqPIo8PW3SWq5Sn4=","fileName":"2023-04-072.31.42.png","name":"2023-04-072.31.42","width":2746,"height":1516,"thumbnail":{"url":"np://user.desktop.nicepage.com/Site_84414198/images/thumbnails/2023-04-072.31.42.png","width":250,"height":138},"usages":["169528221"]}]