[{"id":"user-image-cmrlogo.jpeg","publicUrl":"np://user.desktop.nicepage.com/Site_84414198/images/cmrlogo.jpeg","size":82803,"hash":"4BiCtOS28IcXCc7tgDi0v76La3o=","fileName":"cmrlogo.jpeg","name":"cmrlogo","width":614,"height":550,"thumbnail":{"url":"np://user.desktop.nicepage.com/Site_84414198/images/thumbnails/cmrlogo.jpeg","width":250,"height":224},"usages":[]},{"id":"user-image-miccailogo.png","publicUrl":"np://user.desktop.nicepage.com/Site_84414198/images/miccailogo.png","size":55907,"hash":"f9KZQ8DK/DsS+NfVUIPFIMRgW18=","fileName":"miccailogo.png","name":"miccailogo","width":768,"height":333,"thumbnail":{"url":"np://user.desktop.nicepage.com/Site_84414198/images/thumbnails/miccailogo.png","width":250,"height":108},"usages":["169528221"]},{"id":"user-image-FDU.jpeg","publicUrl":"np://user.desktop.nicepage.com/Site_84414198/images/FDU.jpeg","size":30275,"hash":"7R59feI3kxuZkLVuuoy3tlVi7mM=","fileName":"FDU.jpeg","name":"FDU","width":274,"height":262,"thumbnail":{"url":"np://user.desktop.nicepage.com/Site_84414198/images/thumbnails/FDU.jpeg","width":250,"height":239},"usages":["80897224"]},{"id":"user-image-IC.png","publicUrl":"np://user.desktop.nicepage.com/Site_84414198/images/IC.png","size":37631,"hash":"sIRGe3kCA/0ydhnkv94vauwZsb0=","fileName":"IC.png","name":"IC","width":494,"height":186,"thumbnail":{"url":"np://user.desktop.nicepage.com/Site_84414198/images/thumbnails/IC.png","width":250,"height":94},"usages":["80897224"]},{"id":"user-image-simens.png","publicUrl":"np://user.desktop.nicepage.com/Site_84414198/images/simens.png","size":5161,"hash":"+RWI3ws/3ltTlkt49rnFzv+Eqbw=","fileName":"simens.png","name":"simens","width":450,"height":112,"thumbnail":{"url":"np://user.desktop.nicepage.com/Site_84414198/images/thumbnails/simens.png","width":250,"height":62},"usages":["80897224","72243360"]},{"id":"user-image-ZS.png","publicUrl":"np://user.desktop.nicepage.com/Site_84414198/images/ZS.png","size":66113,"hash":"jk+oa/OIb2tLpJOu61G+9fL+Zsg=","fileName":"ZS.png","name":"ZS","width":402,"height":162,"thumbnail":{"url":"np://user.desktop.nicepage.com/Site_84414198/images/thumbnails/ZS.png","width":250,"height":101},"usages":["80897224"]},{"id":"user-image-utd.png","publicUrl":"np://user.desktop.nicepage.com/Site_84414198/images/utd.png","size":9819,"hash":"SA3VmMUG9DcuMILkDwfai/siIaY=","fileName":"utd.png","name":"utd","width":225,"height":225,"thumbnail":{"url":"np://user.desktop.nicepage.com/Site_84414198/images/thumbnails/utd.png","width":225,"height":225,"length":9819,"type":"png"},"usages":["80897224"]},{"id":"user-image-ruijin.webp","publicUrl":"np://user.desktop.nicepage.com/Site_84414198/images/ruijin.webp","size":31980,"hash":"mtdRNnNEUmbK1syk8VFp30GyJwU=","fileName":"ruijin.webp","name":"ruijin","width":640,"height":640,"thumbnail":{"url":"np://user.desktop.nicepage.com/Site_84414198/images/ruijin.webp","width":250,"height":250},"usages":["80897224"]},{"id":"user-image-WechatIMG2760.png","publicUrl":"np://user.desktop.nicepage.com/Site_84414198/images/WechatIMG2760.png","size":3013,"hash":"uzX3XcjZuJPYsmRZrZ7u1om0P/k=","fileName":"WechatIMG2760.png","name":"WechatIMG2760","width":434,"height":73,"thumbnail":{"url":"np://user.desktop.nicepage.com/Site_84414198/images/thumbnails/WechatIMG2760.png","width":250,"height":42},"usages":["124909162"]},{"id":"user-image-WechatIMG2761.png","publicUrl":"np://user.desktop.nicepage.com/Site_84414198/images/WechatIMG2761.png","size":2315,"hash":"me64RyjwoVLHiy6Vgff4xkv4mWk=","fileName":"WechatIMG2761.png","name":"WechatIMG2761","width":365,"height":68,"thumbnail":{"url":"np://user.desktop.nicepage.com/Site_84414198/images/thumbnails/WechatIMG2761.png","width":250,"height":47},"usages":["124909162"]},{"id":"user-image-WechatIMG2762.png","publicUrl":"np://user.desktop.nicepage.com/Site_84414198/images/WechatIMG2762.png","size":4159,"hash":"klSx+LgHsXUYLk2h0J0PPnKOSTc=","fileName":"WechatIMG2762.png","name":"WechatIMG2762","width":421,"height":68,"thumbnail":{"url":"np://user.desktop.nicepage.com/Site_84414198/images/thumbnails/WechatIMG2762.png","width":250,"height":40},"usages":["124909162"]},{"id":"user-image-1200px-Xiamen_University_logo.svg.png","publicUrl":"np://user.desktop.nicepage.com/Site_84414198/images/1200px-Xiamen_University_logo.svg.png","size":251164,"hash":"FKctcW81KcMW9863WXm4TtAYXXI=","fileName":"1200px-Xiamen_University_logo.svg.png","name":"1200px-Xiamen_University_logo.svg","width":1200,"height":1200,"thumbnail":{"url":"np://user.desktop.nicepage.com/Site_84414198/images/thumbnails/1200px-Xiamen_University_logo.svg.png","width":250,"height":250},"usages":["80897224"]},{"id":"user-image-hongkongpolytecnic1.png","publicUrl":"np://user.desktop.nicepage.com/Site_84414198/images/hongkongpolytecnic1.png","size":9951,"hash":"AIWXu5YtcScqiTmmC1/i/IkTnUA=","fileName":"hongkongpolytecnic1.png","name":"hongkongpolytecnic1","width":223,"height":226,"thumbnail":{"url":"np://user.desktop.nicepage.com/Site_84414198/images/thumbnails/hongkongpolytecnic1.png","width":223,"height":226,"length":9951,"type":"png"},"usages":["80897224"]},{"id":"user-image-ChengyanWang_A_doctor_is_scanning_a_patients_heart_with_magneti_755c25a4-e053-497d-a765-8dccc352e379.png","publicUrl":"np://user.desktop.nicepage.com/Site_84414198/images/ChengyanWang_A_doctor_is_scanning_a_patients_heart_with_magneti_755c25a4-e053-497d-a765-8dccc352e379.png","size":1558260,"hash":"tUXAT8xdhUWeZ7Um/0c+2Xd2IZc=","fileName":"ChengyanWang_A_doctor_is_scanning_a_patients_heart_with_magneti_755c25a4-e053-497d-a765-8dccc352e379.png","name":"ChengyanWang_A_doctor_is_scanning_a_patients_heart_with_magneti_755c25a4-e053-497d-a765-8dccc352e379","width":1024,"height":1024,"thumbnail":{"url":"np://user.desktop.nicepage.com/Site_84414198/images/thumbnails/ChengyanWang_A_doctor_is_scanning_a_patients_heart_with_magneti_755c25a4-e053-497d-a765-8dccc352e379.png","width":250,"height":250},"usages":["169528221","80897224"]},{"id":"user-image-ChengyanWang_ultra_fast_cardiac_imaging_mri_scanner_computer_hi_d5f86a3e-006c-42b8-8000-1bf11cd4337c.png","publicUrl":"np://user.desktop.nicepage.com/Site_84414198/images/ChengyanWang_ultra_fast_cardiac_imaging_mri_scanner_computer_hi_d5f86a3e-006c-42b8-8000-1bf11cd4337c.png","size":1326819,"hash":"3peJCasK2MpBgl5BkD8kS/bZ0MI=","fileName":"ChengyanWang_ultra_fast_cardiac_imaging_mri_scanner_computer_hi_d5f86a3e-006c-42b8-8000-1bf11cd4337c.png","name":"ChengyanWang_ultra_fast_cardiac_imaging_mri_scanner_computer_hi_d5f86a3e-006c-42b8-8000-1bf11cd4337c","width":1024,"height":1024,"thumbnail":{"url":"np://user.desktop.nicepage.com/Site_84414198/images/thumbnails/ChengyanWang_ultra_fast_cardiac_imaging_mri_scanner_computer_hi_d5f86a3e-006c-42b8-8000-1bf11cd4337c.png","width":250,"height":250},"usages":["72243360","103502681","26009632","60304955"]},{"id":"user-image-ChengyanWang_ECG_cardiac_imaging_running_human_network_deep_lea_0b712dd9-3856-4433-9eb7-1c5949bacb37.png","publicUrl":"np://user.desktop.nicepage.com/Site_84414198/images/ChengyanWang_ECG_cardiac_imaging_running_human_network_deep_lea_0b712dd9-3856-4433-9eb7-1c5949bacb37.png","size":1220763,"hash":"cMyL0HkL6Pvps4PPn8yIIGvysyU=","fileName":"ChengyanWang_ECG_cardiac_imaging_running_human_network_deep_lea_0b712dd9-3856-4433-9eb7-1c5949bacb37.png","name":"ChengyanWang_ECG_cardiac_imaging_running_human_network_deep_lea_0b712dd9-3856-4433-9eb7-1c5949bacb37","width":1024,"height":1024,"thumbnail":{"url":"np://user.desktop.nicepage.com/Site_84414198/images/thumbnails/ChengyanWang_ECG_cardiac_imaging_running_human_network_deep_lea_0b712dd9-3856-4433-9eb7-1c5949bacb37.png","width":250,"height":250},"usages":["169528221","80897224"]},{"id":"user-image-ChengyanWang_A_doctor_is_scanning_a_patients_heart_using_magnet_d618a9ba-a3ae-4c64-9be0-9b68a6423848.png","publicUrl":"np://user.desktop.nicepage.com/Site_84414198/images/ChengyanWang_A_doctor_is_scanning_a_patients_heart_using_magnet_d618a9ba-a3ae-4c64-9be0-9b68a6423848.png","size":1476630,"hash":"+AaXGua+0RHBLQce8pM7lfRZfaI=","fileName":"ChengyanWang_A_doctor_is_scanning_a_patients_heart_using_magnet_d618a9ba-a3ae-4c64-9be0-9b68a6423848.png","name":"ChengyanWang_A_doctor_is_scanning_a_patients_heart_using_magnet_d618a9ba-a3ae-4c64-9be0-9b68a6423848","width":1024,"height":1024,"thumbnail":{"url":"np://user.desktop.nicepage.com/Site_84414198/images/thumbnails/ChengyanWang_A_doctor_is_scanning_a_patients_heart_using_magnet_d618a9ba-a3ae-4c64-9be0-9b68a6423848.png","width":250,"height":250},"usages":["72243360","103502681","26009632","60304955"]},{"id":"user-image-ChengyanWang_computer_screen_cardiac_imaging_speed_up_network_d_12b01039-8a90-4deb-a1ed-2e8266ffe5d7.png","publicUrl":"np://user.desktop.nicepage.com/Site_84414198/images/ChengyanWang_computer_screen_cardiac_imaging_speed_up_network_d_12b01039-8a90-4deb-a1ed-2e8266ffe5d7.png","size":1153491,"hash":"AumOHpR8EN3rQhkRn0uewLeAHBo=","fileName":"ChengyanWang_computer_screen_cardiac_imaging_speed_up_network_d_12b01039-8a90-4deb-a1ed-2e8266ffe5d7.png","name":"ChengyanWang_computer_screen_cardiac_imaging_speed_up_network_d_12b01039-8a90-4deb-a1ed-2e8266ffe5d7","width":1024,"height":1024,"thumbnail":{"url":"np://user.desktop.nicepage.com/Site_84414198/images/thumbnails/ChengyanWang_computer_screen_cardiac_imaging_speed_up_network_d_12b01039-8a90-4deb-a1ed-2e8266ffe5d7.png","width":250,"height":250},"usages":["169528221","80897224"]},{"id":"user-image-ChengyanWang_cardiac_imaging_mri_kspace_signal_processing_highl_196133d3-137c-4704-b1b1-b0feffc2c7df.png","publicUrl":"np://user.desktop.nicepage.com/Site_84414198/images/ChengyanWang_cardiac_imaging_mri_kspace_signal_processing_highl_196133d3-137c-4704-b1b1-b0feffc2c7df.png","size":1485085,"hash":"ka+aOYjwwieY7CW++oEPCOdAl1o=","fileName":"ChengyanWang_cardiac_imaging_mri_kspace_signal_processing_highl_196133d3-137c-4704-b1b1-b0feffc2c7df.png","name":"ChengyanWang_cardiac_imaging_mri_kspace_signal_processing_highl_196133d3-137c-4704-b1b1-b0feffc2c7df","width":1024,"height":1024,"thumbnail":{"url":"np://user.desktop.nicepage.com/Site_84414198/images/thumbnails/ChengyanWang_cardiac_imaging_mri_kspace_signal_processing_highl_196133d3-137c-4704-b1b1-b0feffc2c7df.png","width":250,"height":250},"usages":["72243360","103502681","26009632","60304955"]},{"id":"user-image-ChengyanWang_A_doctor_is_scanning_a_patients_heart_with_magneti_a692d88a-067f-4c0d-8cbb-ef764946ea9a.png","publicUrl":"np://user.desktop.nicepage.com/Site_84414198/images/ChengyanWang_A_doctor_is_scanning_a_patients_heart_with_magneti_a692d88a-067f-4c0d-8cbb-ef764946ea9a.png","size":1332411,"hash":"CTA1TKf670RQ3dj2FLqkrZrQ/Vs=","fileName":"ChengyanWang_A_doctor_is_scanning_a_patients_heart_with_magneti_a692d88a-067f-4c0d-8cbb-ef764946ea9a.png","name":"ChengyanWang_A_doctor_is_scanning_a_patients_heart_with_magneti_a692d88a-067f-4c0d-8cbb-ef764946ea9a","width":1024,"height":1024,"thumbnail":{"url":"np://user.desktop.nicepage.com/Site_84414198/images/thumbnails/ChengyanWang_A_doctor_is_scanning_a_patients_heart_with_magneti_a692d88a-067f-4c0d-8cbb-ef764946ea9a.png","width":250,"height":250},"usages":["154688060","256507248"]},{"id":"user-image-ChengyanWang_jigsaw_puzzle_broken_heart_rich_colors_showcasing__4c311c2f-85b8-4b3d-b93a-ec000b772a57.png","publicUrl":"np://user.desktop.nicepage.com/Site_84414198/images/ChengyanWang_jigsaw_puzzle_broken_heart_rich_colors_showcasing__4c311c2f-85b8-4b3d-b93a-ec000b772a57.png","size":1217599,"hash":"2AR7iDDmnVV8/IY8lbC+LEGWSTY=","fileName":"ChengyanWang_jigsaw_puzzle_broken_heart_rich_colors_showcasing__4c311c2f-85b8-4b3d-b93a-ec000b772a57.png","name":"ChengyanWang_jigsaw_puzzle_broken_heart_rich_colors_showcasing__4c311c2f-85b8-4b3d-b93a-ec000b772a57","width":1024,"height":1024,"thumbnail":{"url":"np://user.desktop.nicepage.com/Site_84414198/images/thumbnails/ChengyanWang_jigsaw_puzzle_broken_heart_rich_colors_showcasing__4c311c2f-85b8-4b3d-b93a-ec000b772a57.png","width":250,"height":250},"usages":["154688060","256507248"]},{"id":"user-image-ChengyanWang_jigsaw_puzzle_scanner_rich_colors_showcasing_a_sen_9a481ffc-071b-45d7-a148-cabea02705f5.png","publicUrl":"np://user.desktop.nicepage.com/Site_84414198/images/ChengyanWang_jigsaw_puzzle_scanner_rich_colors_showcasing_a_sen_9a481ffc-071b-45d7-a148-cabea02705f5.png","size":1344400,"hash":"pp4+ZNjb3DsdQa60sRmDkoFLlCc=","fileName":"ChengyanWang_jigsaw_puzzle_scanner_rich_colors_showcasing_a_sen_9a481ffc-071b-45d7-a148-cabea02705f5.png","name":"ChengyanWang_jigsaw_puzzle_scanner_rich_colors_showcasing_a_sen_9a481ffc-071b-45d7-a148-cabea02705f5","width":1024,"height":1024,"thumbnail":{"url":"np://user.desktop.nicepage.com/Site_84414198/images/thumbnails/ChengyanWang_jigsaw_puzzle_scanner_rich_colors_showcasing_a_sen_9a481ffc-071b-45d7-a148-cabea02705f5.png","width":250,"height":250},"usages":["154688060","256507248"]},{"id":"user-image-20230424_AD-1.png","publicUrl":"np://user.desktop.nicepage.com/Site_84414198/images/20230424_AD-1.png","size":2438387,"hash":"Z2OgGCpHr7hvWqJs7zTjdZTRyM4=","fileName":"20230424_AD-1.png","name":"20230424_AD-1","width":2100,"height":6000,"thumbnail":{"url":"np://user.desktop.nicepage.com/Site_84414198/images/thumbnails/20230424_AD-1.png","width":88,"height":250},"usages":["72243360"]},{"id":"user-image-6897039.png","publicUrl":"np://user.desktop.nicepage.com/Site_84414198/images/6897039.png","size":3531,"hash":"D7ePEIqACdhEsOFmyucT+9BrLxI=","fileName":"6897039.png","name":"6897039","width":128,"height":128,"thumbnail":{"url":"np://user.desktop.nicepage.com/Site_84414198/images/thumbnails/6897039.png","width":128,"height":128,"length":3531,"type":"png"},"usages":["154688060","169528221","60304955","890911621","124909162"]},{"id":"user-image-3502463.png","publicUrl":"np://user.desktop.nicepage.com/Site_84414198/images/3502463.png","size":1777,"hash":"vsEtPd1ETYqM+W1LlTX5DrMIzbg=","fileName":"3502463.png","name":"3502463","width":128,"height":128,"thumbnail":{"url":"np://user.desktop.nicepage.com/Site_84414198/images/thumbnails/3502463.png","width":128,"height":128,"length":1777,"type":"png"},"usages":["154688060","169528221"]},{"id":"user-image-2023-04-284.02.50.png","publicUrl":"np://user.desktop.nicepage.com/Site_84414198/images/2023-04-284.02.50.png","size":26755,"hash":"b8d64ajAuvGkAeV6ERozO2wDJqU=","fileName":"2023-04-284.02.50.png","name":"2023-04-284.02.50","width":2276,"height":50,"thumbnail":{"url":"np://user.desktop.nicepage.com/Site_84414198/images/thumbnails/2023-04-284.02.50.png","width":250,"height":5},"usages":["26009632"]},{"id":"user-image-2023-04-284.03.55.png","publicUrl":"np://user.desktop.nicepage.com/Site_84414198/images/2023-04-284.03.55.png","size":35385,"hash":"Ft/oKs7ZslMk0mENv1XrUlt4J1I=","fileName":"2023-04-284.03.55.png","name":"2023-04-284.03.55","width":2286,"height":102,"thumbnail":{"url":"np://user.desktop.nicepage.com/Site_84414198/images/thumbnails/2023-04-284.03.55.png","width":250,"height":11},"usages":["26009632"]},{"id":"user-image-2023-04-284.07.23.png","publicUrl":"np://user.desktop.nicepage.com/Site_84414198/images/2023-04-284.07.23.png","size":105006,"hash":"2le8cOcEde9s2fMBH5ZAitUeso0=","fileName":"2023-04-284.07.23.png","name":"2023-04-284.07.23","width":2246,"height":478,"thumbnail":{"url":"np://user.desktop.nicepage.com/Site_84414198/images/thumbnails/2023-04-284.07.23.png","width":250,"height":53},"usages":["60304955"]},{"id":"user-image-2023-04-284.10.57.png","publicUrl":"np://user.desktop.nicepage.com/Site_84414198/images/2023-04-284.10.57.png","size":23716,"hash":"Xf6dEZssLrrgpxrS80eNUJ/5JXo=","fileName":"2023-04-284.10.57.png","name":"2023-04-284.10.57","width":1448,"height":106,"thumbnail":{"url":"np://user.desktop.nicepage.com/Site_84414198/images/thumbnails/2023-04-284.10.57.png","width":250,"height":18},"usages":["60304955"]},{"id":"user-image-2023-04-284.11.13.png","publicUrl":"np://user.desktop.nicepage.com/Site_84414198/images/2023-04-284.11.13.png","size":119023,"hash":"daN3uLzF6Q2Z+TUbAPEkNgE1fRU=","fileName":"2023-04-284.11.13.png","name":"2023-04-284.11.13","width":496,"height":750,"thumbnail":{"url":"np://user.desktop.nicepage.com/Site_84414198/images/thumbnails/2023-04-284.11.13.png","width":165,"height":250},"usages":["60304955"]},{"id":"user-image-2023-05-062.03.45.png","publicUrl":"np://user.desktop.nicepage.com/Site_84414198/images/2023-05-062.03.45.png","size":127074,"hash":"7tb80rhQ5sDACBeusVVCtnvZ6Ew=","fileName":"2023-05-062.03.45.png","name":"2023-05-062.03.45","width":1726,"height":790,"thumbnail":{"url":"np://user.desktop.nicepage.com/Site_84414198/images/thumbnails/2023-05-062.03.45.png","width":250,"height":114},"usages":["154688060"]},{"id":"user-image-12.png","publicUrl":"np://user.desktop.nicepage.com/Site_84414198/images/12.png","size":2570034,"hash":"zbPBi7fnCTsW1YkWwyqTxb2umNE=","fileName":"12.png","name":"12","width":5124,"height":1760,"thumbnail":{"url":"np://user.desktop.nicepage.com/Site_84414198/images/thumbnails/12.png","width":250,"height":86},"usages":["169528221","890911621"]},{"id":"user-image-mapping.png","publicUrl":"np://user.desktop.nicepage.com/Site_84414198/images/mapping.png","size":3475486,"hash":"usYoYPJDO3LQ+7/ESRewPSblwXI=","fileName":"mapping.png","name":"mapping","width":5784,"height":2227,"thumbnail":{"url":"np://user.desktop.nicepage.com/Site_84414198/images/thumbnails/mapping.png","width":250,"height":96},"usages":["124909162"]},{"id":"user-image-2.png","publicUrl":"np://user.desktop.nicepage.com/Site_84414198/images/2.png","size":3474056,"hash":"o2TBXeSqoXHd7ivfkF2dQHiInxI=","fileName":"2.png","name":"2","width":5784,"height":2227,"thumbnail":{"url":"np://user.desktop.nicepage.com/Site_84414198/images/thumbnails/2.png","width":250,"height":96},"usages":["169528221"]},{"id":"user-image-image38.png","publicUrl":"np://user.desktop.nicepage.com/Site_84414198/images/image38.png","size":23707,"hash":"08Z6pzr0J/BOQ7maE7wx0MHPSGg=","fileName":"image38.png","name":"image38","width":154,"height":154,"thumbnail":{"url":"np://user.desktop.nicepage.com/Site_84414198/images/thumbnails/image38.png","width":154,"height":154,"length":23707,"type":"png"},"usages":["80897224"]},{"id":"user-image-2023-05-091.42.57.png","publicUrl":"np://user.desktop.nicepage.com/Site_84414198/images/2023-05-091.42.57.png","size":263646,"hash":"qKDEsNn1fprY8v9GJoKPwhdCjVs=","fileName":"2023-05-091.42.57.png","name":"2023-05-091.42.57","width":2294,"height":1112,"thumbnail":{"url":"np://user.desktop.nicepage.com/Site_84414198/images/thumbnails/2023-05-091.42.57.png","width":250,"height":121},"usages":["169528221","154688060"]},{"id":"user-image-27831683645085_.pic.jpg","publicUrl":"np://user.desktop.nicepage.com/Site_84414198/images/27831683645085_.pic.jpg","size":779012,"hash":"qy/WeDnqIWMBSK+3gWCNN1Cg2Ao=","fileName":"27831683645085_.pic.jpg","name":"27831683645085_.pic","width":3122,"height":1812,"thumbnail":{"url":"np://user.desktop.nicepage.com/Site_84414198/images/thumbnails/27831683645085_.pic.jpg","width":250,"height":145},"usages":["169528221"]},{"id":"user-image-27841683645093_.pic.jpg","publicUrl":"np://user.desktop.nicepage.com/Site_84414198/images/27841683645093_.pic.jpg","size":439317,"hash":"VZt0KtEvAs/qJ86w/D9Syw0ezcY=","fileName":"27841683645093_.pic.jpg","name":"27841683645093_.pic","width":3866,"height":1064,"thumbnail":{"url":"np://user.desktop.nicepage.com/Site_84414198/images/thumbnails/27841683645093_.pic.jpg","width":250,"height":69},"usages":["890911621"]},{"id":"user-image-27851683645093_.pic.jpg","publicUrl":"np://user.desktop.nicepage.com/Site_84414198/images/27851683645093_.pic.jpg","size":630718,"hash":"oe4YLxmRmgEmyCssBl7s9Pd0PtE=","fileName":"27851683645093_.pic.jpg","name":"27851683645093_.pic","width":3854,"height":1122,"thumbnail":{"url":"np://user.desktop.nicepage.com/Site_84414198/images/thumbnails/27851683645093_.pic.jpg","width":250,"height":73},"usages":["124909162"]},{"id":"user-image-imperial-x.jpg","publicUrl":"np://user.desktop.nicepage.com/Site_84414198/images/imperial-x.jpg","size":16623,"hash":"6aaUfT7qTYeM2pTvbhW1L+tftzo=","fileName":"imperial-x.jpg","name":"imperial-x","width":300,"height":300,"thumbnail":{"url":"np://user.desktop.nicepage.com/Site_84414198/images/thumbnails/imperial-x.jpg","width":250,"height":250},"usages":["80897224"]},{"id":"user-image-royalsociety.jpg","publicUrl":"np://user.desktop.nicepage.com/Site_84414198/images/royalsociety.jpg","size":55809,"hash":"9WSyRLX9r/pFz8pNXHOnrXagt1E=","fileName":"royalsociety.jpg","name":"royalsociety","width":469,"height":393,"thumbnail":{"url":"np://user.desktop.nicepage.com/Site_84414198/images/thumbnails/royalsociety.jpg","width":250,"height":209},"usages":["80897224"]},{"id":"user-image-2023-05-1212.15.19.png","publicUrl":"np://user.desktop.nicepage.com/Site_84414198/images/2023-05-1212.15.19.png","size":452845,"hash":"cXHafKUCg/qLkkckNZHI4pIL174=","fileName":"2023-05-1212.15.19.png","name":"2023-05-1212.15.19","width":1804,"height":486,"thumbnail":{"url":"np://user.desktop.nicepage.com/Site_84414198/images/thumbnails/2023-05-1212.15.19.png","width":250,"height":67},"usages":[]},{"id":"user-image-WechatIMG3450.png","publicUrl":"np://user.desktop.nicepage.com/Site_84414198/images/WechatIMG3450.png","size":377584,"hash":"TBA/TCC5FBW0IO9cbZpZgvAo24s=","fileName":"WechatIMG3450.png","name":"WechatIMG3450","width":830,"height":638,"thumbnail":{"url":"np://user.desktop.nicepage.com/Site_84414198/images/thumbnails/WechatIMG3450.png","width":250,"height":192},"usages":["169528221"]},{"id":"user-image-2023-05-305.01.07.png","publicUrl":"np://user.desktop.nicepage.com/Site_84414198/images/2023-05-305.01.07.png","size":676222,"hash":"p/BtCtMHwViB5LrJUArYMQO5xrs=","fileName":"2023-05-305.01.07.png","name":"2023-05-305.01.07","width":1840,"height":872,"thumbnail":{"url":"np://user.desktop.nicepage.com/Site_84414198/images/thumbnails/2023-05-305.01.07.png","width":250,"height":118},"usages":["890911621"]},{"id":"user-image-2023-05-319.34.29.png","publicUrl":"np://user.desktop.nicepage.com/Site_84414198/images/2023-05-319.34.29.png","size":746045,"hash":"ANs7/IZ6CqZXP7WoFKuIym+Cxis=","fileName":"2023-05-319.34.29.png","name":"2023-05-319.34.29","width":1842,"height":1070,"thumbnail":{"url":"np://user.desktop.nicepage.com/Site_84414198/images/thumbnails/2023-05-319.34.29.png","width":250,"height":145},"usages":["124909162"]}]